PalmPositionX,PalmPositionY,PalmPositionZ,PalmNormalX,PalmNormalY,PalmNormalZ,HandDirectionX,HandDirectionY,HandDirectionZ,ThumbX,ThumbY,ThumbZ,IndexX,IndexY,IndexZ,MiddleX,MiddleY,MiddleZ,RingX,RingY,RingZ,PinkyX,PinkyY,PinkyZ,IsLeft
84.175438,180.828171,128.723587,-0.932632,-0.310393,-0.183995,0.003314,0.502533,-0.864552,30.994263,217.287534,118.661618,36.592070,217.713693,72.169501,47.586510,172.326767,135.520181,55.715089,161.493015,137.157779,61.922676,154.971860,127.430252,2
78.847801,199.785706,125.473442,-0.813319,-0.480111,-0.328643,-0.058210,0.629168,-0.775087,31.351250,195.331763,98.829991,49.279588,256.985022,66.524500,34.846253,191.711682,105.603984,59.207094,175.746582,126.786290,69.668126,173.040076,120.662724,2
75.077019,217.325470,119.802139,-0.790220,-0.469255,-0.394148,-0.061925,0.701019,-0.710449,34.326036,207.106378,90.020840,48.040297,285.328278,69.392239,46.599669,273.483234,52.051364,58.264461,190.044037,118.060007,68.510442,186.268915,110.677982,2
74.171013,225.248291,116.773285,-0.778613,-0.465061,-0.421284,-0.057545,0.721453,-0.690069,35.575957,213.760876,85.773279,45.374876,294.037329,68.163007,52.662373,287.948535,50.799982,58.681068,197.750562,114.249481,68.474107,194.405823,106.892731,2
71.607422,244.717911,108.385483,-0.749694,-0.478313,-0.457358,-0.080995,0.752218,-0.653917,35.102366,233.932828,76.612625,39.109702,312.938773,61.874109,54.394241,312.928348,45.668798,57.490717,217.204495,103.754135,67.818591,214.659244,96.430069,2
68.191803,269.522705,97.707809,-0.700240,-0.502934,-0.506677,-0.092192,0.767485,-0.634403,34.791714,259.446973,64.272809,32.264925,332.985596,48.953464,49.568237,335.006421,32.758658,53.763593,242.632153,91.281100,65.806097,239.814807,83.900198,2
65.742462,287.815002,91.059608,-0.671072,-0.537837,-0.510288,-0.094208,0.744564,-0.660870,36.326648,274.578845,56.215987,28.586942,344.942981,37.232721,35.803587,338.727478,20.365772,51.145560,260.459180,84.830190,63.824261,257.677441,77.404585,2
61.146168,296.651031,78.043976,-0.688876,-0.556831,-0.464100,-0.081901,0.695934,-0.713420,34.199273,281.856134,44.006699,27.784269,348.825665,18.241648,21.090062,333.455890,6.135675,46.808909,268.690778,74.371283,58.947218,265.719293,67.119696,2
58.183353,296.552399,68.177773,-0.743165,-0.509264,-0.434001,-0.059411,0.696287,-0.715301,28.083683,287.008673,33.226072,28.198917,351.626935,9.093590,29.965025,282.148834,59.759724,43.218665,268.865900,65.060078,54.128193,265.957648,57.884590,2
54.532005,299.485168,56.238800,-0.762389,-0.485541,-0.427800,-0.055038,0.707340,-0.704727,24.296076,289.819275,19.871831,27.134203,357.205237,-1.524741,31.321538,278.333044,57.781000,38.814748,272.923621,53.157602,49.688359,269.372253,45.311182,2
48.561775,296.589264,41.945061,-0.685457,-0.585502,-0.432823,-0.100470,0.664817,-0.740219,21.042087,279.264264,5.189358,19.479527,349.374030,-19.558003,24.113220,272.746344,46.490242,34.654547,269.628107,40.339034,47.292897,265.558966,32.306789,2
42.256561,287.020386,26.739540,-0.582908,-0.683115,-0.439969,-0.129548,0.612682,-0.779639,17.956776,264.907275,-8.991646,13.665312,336.551782,-38.218993,19.850926,260.681641,30.048151,31.484164,258.876379,26.195375,44.196170,257.114075,19.874408,2
38.475933,276.479614,18.547911,-0.557686,-0.713489,-0.424170,-0.139945,0.584522,-0.799218,15.622227,252.358716,-16.226902,9.779153,323.755518,-48.033911,15.170823,250.320251,18.794346,28.446557,247.850830,18.850082,40.574075,247.353540,13.293735,2
34.954330,263.088562,10.327200,-0.568190,-0.734923,-0.370200,-0.148866,0.534250,-0.832115,12.170008,236.947681,-22.891015,5.312460,306.045789,-58.721809,11.186507,237.465002,11.592795,24.834286,234.494849,12.971616,35.906668,235.030945,7.518565,2
30.233574,239.708618,-0.160121,-0.558483,-0.789721,-0.253844,-0.184291,0.416491,-0.890265,9.416982,206.703699,-29.431747,-2.778279,272.864697,-73.166319,6.923759,213.424158,5.483110,20.401805,210.852393,6.757452,29.443439,213.103345,0.858968,2
25.124218,218.190552,-10.434065,-0.411346,-0.889929,-0.197029,-0.219655,0.306579,-0.926154,8.548768,181.066052,-38.308414,-9.855503,240.971716,-86.572433,6.062455,188.720569,-3.379660,19.442533,187.966541,-1.192076,28.324191,191.574048,-7.158245,2
21.718256,186.425949,-19.484833,-0.142325,-0.986246,-0.084044,-0.244928,0.117359,-0.962412,11.236518,144.197128,-41.911029,-9.677313,189.948935,-99.309296,11.194379,154.440317,-8.896094,24.171007,157.413425,-4.926348,35.166863,161.416293,-10.995338,2
22.083506,167.339355,-24.071758,0.020037,-0.999578,0.021038,-0.228890,-0.025070,-0.973129,12.522812,123.160315,-42.353313,-3.752887,156.760938,-104.295863,15.646173,130.244879,-11.244852,31.785472,139.926306,-6.414230,43.026006,143.563232,-12.740697,2
22.746107,157.404099,-25.506128,0.043210,-0.996788,0.067430,-0.217642,-0.075264,-0.973122,13.112046,112.939645,-42.299862,-2.624833,142.655893,-105.428508,16.621788,116.743161,-10.871001,33.115451,130.532529,-6.752758,43.892050,133.900217,-13.184727,2
24.681311,144.951706,-26.957109,0.066816,-0.990473,0.120413,-0.192807,-0.131225,-0.972423,15.782221,100.419833,-42.436936,-1.087604,123.360031,-105.859616,19.615901,103.705344,-10.893745,35.159376,118.742447,-6.940571,45.942570,121.852383,-13.547488,2
25.642965,139.589508,-27.167315,0.089240,-0.986816,0.135022,-0.189197,-0.149890,-0.970432,17.313876,95.212695,-42.582163,-0.886628,115.021576,-105.249960,22.365919,99.488629,-10.843168,36.660966,113.743719,-6.981112,47.381807,116.898151,-13.826888,2
26.686966,137.346466,-27.163033,0.085730,-0.986654,0.138435,-0.190042,-0.152590,-0.969846,18.318198,93.469012,-42.752931,-0.974272,111.545679,-104.700020,23.635301,98.134821,-11.102392,37.583905,111.391254,-7.079885,48.340237,114.476318,-14.084022,2
28.648148,140.062866,-26.693064,0.097209,-0.992352,0.076082,-0.176471,-0.092418,-0.979958,19.063680,97.198969,-45.895156,1.340442,115.459790,-104.803072,27.158908,103.292828,-12.182283,39.670319,113.289783,-8.350717,50.562131,117.026807,-15.122615,2
29.141748,142.932785,-26.988174,0.123377,-0.991274,0.046403,-0.172585,-0.067482,-0.982680,18.294637,99.618375,-47.682001,3.637093,116.004306,-104.398911,29.232204,107.116721,-12.414797,40.880904,116.194351,-9.275277,51.693044,120.405399,-15.937779,2
30.576735,148.984573,-27.243237,0.076333,-0.997052,0.007823,-0.158667,-0.019892,-0.987132,15.132784,106.243802,-50.121523,4.582711,123.794553,-105.162381,28.587643,112.309457,-14.730966,40.782290,121.239377,-10.450728,51.932650,125.286612,-16.597424,2
32.734901,160.266541,-26.416777,-0.038014,-0.999213,-0.011298,-0.198956,0.018648,-0.979831,10.931475,117.656281,-48.269174,-0.443124,139.229114,-103.201984,19.403096,107.608282,-30.202903,40.131145,130.616675,-11.215339,51.617793,133.945386,-17.230502,2
34.961895,180.303833,-24.816051,-0.284936,-0.957467,-0.045479,-0.226850,0.113455,-0.967299,4.858912,140.937024,-45.250607,-8.363729,179.500061,-100.627742,-3.502249,153.986389,-101.421854,33.766238,147.119031,-14.069765,46.107375,148.453760,-19.266993,2
37.906322,196.799316,-20.795961,-0.374278,-0.912160,-0.166975,-0.206841,0.257646,-0.943841,8.135709,159.786609,-44.918320,-6.284754,215.196667,-95.414789,8.826124,206.557129,-109.028809,33.060758,162.684570,-15.666494,45.650320,163.405530,-20.289264,2
39.910061,208.899231,-17.259268,-0.466742,-0.847277,-0.253524,-0.183209,0.373077,-0.909532,11.586644,174.701721,-43.933253,-3.853888,238.796277,-88.325060,13.733687,231.206824,-103.855247,30.987708,175.930896,-15.673677,43.818490,175.679211,-20.274113,2
44.478683,225.654251,-9.840848,-0.515991,-0.800508,-0.304860,-0.163790,0.441535,-0.882168,20.528847,192.668863,-37.484551,2.637987,261.115250,-79.182886,19.739810,249.445071,-95.618134,33.809976,193.959354,-10.103295,46.363547,193.009280,-14.678148,2
47.554977,239.934708,-5.189173,-0.519989,-0.778444,-0.351621,-0.144154,0.485721,-0.862145,25.846733,208.491006,-34.825167,6.900617,279.854105,-73.137859,25.099654,267.757083,-90.707487,37.825797,208.334122,-7.300415,49.886438,206.859695,-11.703505,2
48.899082,253.964920,-2.536160,-0.509864,-0.756500,-0.409569,-0.158985,0.550765,-0.819379,30.402279,224.554019,-34.251717,8.012564,299.008707,-67.071497,27.051916,288.650162,-86.074060,39.953226,222.731546,-7.662300,51.935645,221.385770,-11.613035,2
51.250267,269.664917,4.586641,-0.483080,-0.713319,-0.507750,-0.161223,0.642455,-0.749172,38.641808,243.281116,-30.691528,13.990217,320.775220,-56.624170,29.206627,312.515552,-74.732373,42.568840,239.104175,-5.582545,55.352126,238.661401,-8.478665,2
51.713486,276.882507,7.415446,-0.433079,-0.712014,-0.552702,-0.178819,0.668871,-0.721551,44.349261,250.935022,-28.997031,14.386001,326.870959,-53.474913,26.642981,320.060510,-70.181584,44.615250,246.264392,-4.733441,57.795035,246.832092,-6.970988,2
52.222462,284.132813,9.967996,-0.525763,-0.650801,-0.547751,-0.176461,0.713373,-0.678204,43.010130,259.482983,-26.826085,15.897674,340.563867,-45.658198,23.634097,331.411060,-63.827483,41.636607,254.890186,-3.251776,54.721439,254.560303,-6.436875,2
51.976372,292.249481,11.189096,-0.556877,-0.635170,-0.535207,-0.195531,0.726507,-0.658753,43.060719,267.662665,-26.085777,15.231112,350.286713,-41.962920,19.297604,339.890741,-60.560997,40.082408,263.588470,-0.852818,53.601302,263.083063,-5.620824,2
51.034359,296.176727,8.966822,-0.593342,-0.660645,-0.459884,-0.213183,0.679889,-0.701644,40.311657,268.438373,-26.026527,12.557228,351.486664,-46.148692,15.537394,339.661224,-64.494154,36.797143,266.977240,-0.671738,50.373132,266.195087,-5.831456,2
49.395287,295.299438,4.863066,-0.549091,-0.681092,-0.484369,-0.210895,0.673713,-0.708261,40.830757,266.679224,-31.061282,9.729073,349.588696,-51.083362,15.368030,338.543384,-69.967499,36.319823,265.291748,-5.077037,49.950148,265.439648,-9.755543,2
47.595718,290.646057,2.050689,-0.531696,-0.679788,-0.505161,-0.209518,0.683492,-0.699243,38.892377,263.037292,-34.889359,7.152921,344.789001,-53.690601,11.808885,331.978796,-72.338647,34.766710,260.628247,-8.143616,48.243930,261.367371,-12.679317,2
45.376419,284.376526,-1.428459,-0.503044,-0.693511,-0.515741,-0.215641,0.678585,-0.702155,36.758344,257.390393,-39.163014,3.943515,336.422766,-58.341734,7.973542,324.162073,-75.536424,34.177298,254.148352,-10.736206,47.175314,255.371667,-15.520074,2
43.048546,277.984802,-5.456458,-0.450240,-0.728773,-0.515921,-0.229961,0.652949,-0.721648,35.598589,250.764368,-43.602409,0.186648,325.008582,-65.309859,4.339262,313.956311,-80.886842,34.977437,247.440662,-12.448614,47.597771,249.096216,-17.744720,2
39.752441,268.704102,-10.070918,-0.409185,-0.777676,-0.477272,-0.252468,0.599139,-0.759797,33.803848,239.132861,-47.144833,-4.628469,308.554053,-73.540343,-0.895631,298.857617,-87.233879,34.105322,237.578821,-13.498036,46.570670,239.374854,-19.496042,2
37.166290,255.581696,-14.416522,-0.398288,-0.810550,-0.429390,-0.266791,0.550252,-0.791230,31.391997,223.660724,-50.044367,-7.981407,289.794513,-80.269559,-5.713202,280.853497,-92.261362,32.685040,224.321002,-14.565806,45.377679,225.482379,-21.357780,2
35.310074,241.707855,-17.860857,-0.355905,-0.841223,-0.407033,-0.279378,0.511409,-0.812655,30.603830,208.201740,-52.813345,-9.816725,270.162958,-85.951059,-9.359933,260.116107,-95.898380,32.762686,210.499847,-15.807168,46.540137,210.923541,-23.364634,2
33.387615,223.729111,-23.634411,-0.201552,-0.899972,-0.386559,-0.297094,0.432238,-0.851414,34.206551,188.012460,-57.482278,-10.145427,239.477231,-96.043782,-8.598074,228.373947,-103.612039,35.859948,193.129697,-18.775625,49.836483,194.949741,-25.986065,2
32.512325,217.081100,-25.413412,-0.117457,-0.921027,-0.371366,-0.304742,0.389341,-0.869221,36.289599,180.810446,-58.397087,-9.676084,225.393137,-99.339568,-7.895060,217.287509,-106.157573,37.756991,186.957529,-19.482864,51.351659,189.743954,-26.398901,2
31.361166,186.196564,-31.017267,0.072436,-0.984381,-0.160457,-0.318413,0.129637,-0.939046,36.499415,143.087579,-56.730825,-5.151023,161.828448,-102.812108,-5.833665,157.122992,-107.340776,44.850242,159.083453,-18.636814,54.837373,163.285614,-25.478748,2
30.871056,174.386093,-31.634260,0.127795,-0.985426,-0.112269,-0.321452,0.065934,-0.944628,35.506407,129.473398,-55.642221,-1.149539,135.266501,-95.445370,-0.721914,129.519400,-95.886551,45.933684,148.222287,-17.277152,55.571315,153.082700,-24.752723,2
30.622641,165.037292,-32.793755,0.127307,-0.990234,-0.056832,-0.326362,0.012288,-0.945165,32.973085,118.310901,-54.493697,0.208448,117.262128,-88.385075,1.388966,111.610840,-87.928136,45.807869,139.165283,-16.702930,55.328578,143.988379,-24.749687,2
31.054840,156.880676,-32.715065,0.135177,-0.990730,-0.013478,-0.334403,-0.032814,-0.941859,32.125342,109.059814,-52.349678,2.154552,103.475171,-81.367458,6.669504,96.684644,-75.247939,46.601770,131.742590,-15.537393,55.976941,136.333142,-24.068109,2
31.773050,148.802094,-33.030857,0.112408,-0.992929,0.038156,-0.344553,-0.074966,-0.935769,30.260765,100.053448,-50.218104,3.002324,91.504077,-73.477308,11.926454,85.730914,-60.377198,46.869078,123.972076,-14.730653,56.255449,128.026300,-23.697211,2
32.340073,145.901962,-33.205769,0.097024,-0.993257,0.063452,-0.353700,-0.094001,-0.930624,29.307979,96.908310,-49.132642,2.738181,87.950900,-71.148563,14.403163,82.901529,-53.047053,47.182901,121.423856,-14.488998,56.576285,125.069022,-23.665636,2
32.547668,145.022156,-33.634701,0.055103,-0.996473,0.063294,-0.368837,-0.079221,-0.926112,27.104361,96.308307,-49.361416,0.088204,88.466309,-71.005199,13.442558,83.604163,-50.809594,46.444882,119.602789,-15.255625,55.933295,123.055713,-24.488752,2
33.307758,146.336014,-33.333565,0.020482,-0.999068,0.037991,-0.388483,-0.042966,-0.920454,25.508894,98.030875,-49.794469,-1.820201,92.036105,-70.794753,6.154181,85.381949,-62.589485,46.569169,119.845267,-15.919536,56.051960,123.361276,-25.282372,2
34.014118,147.571503,-33.194111,-0.000336,-0.999386,0.035037,-0.409201,-0.031832,-0.911889,24.713445,99.596625,-49.529380,-3.982575,95.324622,-72.196653,4.444320,88.180011,-63.148447,47.168586,120.930029,-15.981814,56.490815,124.244263,-25.619213,2
35.650410,148.989471,-32.984146,-0.083817,-0.995345,0.047564,-0.427165,-0.007235,-0.904145,24.180495,102.197217,-47.916440,-9.816450,103.536383,-77.824106,-2.976291,94.386047,-71.133267,46.660130,121.111255,-15.763190,56.134553,123.764734,-25.530164,2
39.426243,155.907074,-36.374012,-0.230718,-0.970033,0.076189,-0.446882,0.036082,-0.893865,19.972966,111.826373,-48.905952,-19.230666,132.684338,-94.067424,-13.999732,123.493896,-100.320439,46.065577,126.787292,-19.540288,55.694614,127.623804,-29.137600,2
42.103497,161.163132,-38.411350,-0.371742,-0.924389,0.085511,-0.440704,0.094653,-0.892648,15.265232,120.044284,-50.115852,-22.427924,152.774570,-96.563503,-14.313274,139.744736,-106.250954,43.828722,131.069193,-21.948698,53.690682,130.459183,-30.882711,2
45.639694,168.635330,-40.843369,-0.572698,-0.814538,0.092435,-0.412236,0.188693,-0.891323,10.534817,133.100729,-51.961267,-21.384789,177.139896,-97.051895,-14.144601,159.007889,-107.759262,39.100436,138.231717,-25.124055,49.787671,135.993576,-33.014059,2
51.198208,178.489136,-48.716896,-0.754741,-0.652742,0.065525,-0.353703,0.320772,-0.878635,8.393312,152.474231,-61.062453,-10.830088,209.141077,-103.176326,-9.729372,179.825195,-104.432539,34.581379,149.359558,-35.947920,46.527032,145.411108,-42.936711,2
56.700317,179.719254,-51.565239,-0.862261,-0.500055,0.080318,-0.282121,0.342534,-0.896146,8.173161,164.166092,-63.334795,1.733364,218.808975,-108.234190,-3.755180,187.765897,-103.232268,35.010852,154.781607,-38.053242,46.500601,148.421378,-44.564769,2
60.809887,181.292450,-53.354076,-0.929874,-0.338008,0.145208,-0.260693,0.326936,-0.908379,8.048837,178.015045,-62.252932,7.675567,222.106390,-108.408455,-2.428799,194.260748,-98.659335,36.917690,161.445111,-37.225402,46.241573,152.704108,-43.538711,2
64.464401,184.774521,-55.187634,-0.965686,-0.162712,0.202424,-0.246935,0.333779,-0.909733,10.895691,195.606808,-61.323397,9.692969,227.527292,-102.312917,-0.239501,204.293845,-86.153030,41.859753,169.724411,-36.401974,47.372025,159.249924,-43.092431,2
66.915596,188.331100,-54.329716,-0.955029,-0.025474,0.295416,-0.284074,0.364142,-0.886963,15.784280,210.951218,-56.115287,10.110827,234.146286,-92.123219,0.460978,210.767966,-63.301307,47.913304,177.771005,-32.739913,49.348085,164.906332,-40.170960,2
68.631096,195.232101,-53.180717,-0.901979,0.102265,0.419494,-0.358739,0.363186,-0.859885,22.990969,228.467758,-50.901042,9.409626,244.373129,-77.476433,42.466267,203.884653,-26.773286,56.351045,187.571481,-29.442204,51.607463,174.127658,-36.188515,2
67.389107,199.316177,-52.302437,-0.842940,0.188953,0.503734,-0.419883,0.354352,-0.835544,26.190670,238.186758,-47.799754,8.398973,249.352200,-65.788264,55.078801,206.348795,-24.315673,58.071632,193.170828,-27.752754,51.099251,180.037491,-33.062378,2
64.478683,203.881134,-50.797054,-0.763868,0.272521,0.585011,-0.486463,0.352541,-0.799418,27.617667,247.527496,-43.544137,9.634988,253.016437,-48.230141,58.046228,211.769476,-24.149858,57.739334,199.313678,-25.451058,53.031833,192.887958,-31.815745,2
58.168388,208.826675,-45.919918,-0.612947,0.414532,0.672651,-0.544804,0.394853,-0.739783,27.312859,255.694632,-34.027639,19.473110,258.416043,-24.276249,56.754918,219.409158,-16.883430,54.634023,206.633060,-19.308545,43.948857,195.261685,-20.905186,2
53.871429,212.963760,-40.292110,-0.511260,0.436264,0.740464,-0.593052,0.444486,-0.671358,27.427724,260.946487,-23.748838,27.846389,258.628983,-8.500415,55.433545,224.149991,-8.823927,52.865329,210.876358,-12.574754,41.407050,200.337247,-13.340916,2
49.176338,216.253113,-33.362122,-0.412385,0.413872,0.811571,-0.637366,0.505447,-0.581625,27.642725,264.956677,-11.607017,35.047627,256.346570,3.684542,52.647377,228.100562,1.398486,50.903575,212.937183,-5.163567,43.041743,208.520544,-9.466917,2
42.604076,218.543350,-21.075100,-0.304258,0.345199,0.887843,-0.700716,0.550278,-0.454083,25.410644,266.048123,6.312265,37.054311,252.743777,18.642445,48.295184,229.788651,14.989693,47.650701,213.233096,6.771216,39.445245,208.989798,2.868898,2
38.636757,221.571289,-11.967568,-0.210191,0.277253,0.937524,-0.722910,0.601521,-0.339962,25.977171,267.562085,20.301565,36.984776,253.063208,29.905193,46.253020,231.320862,24.663701,45.749486,214.338074,15.399209,37.451393,210.229895,11.478985,2
34.254654,228.468689,-3.954880,-0.117626,0.250870,0.960848,-0.702263,0.663094,-0.259100,27.431342,274.171497,29.892004,37.166809,258.932800,38.779202,42.659799,239.213879,33.776028,41.944839,220.756677,23.524997,34.014658,216.520154,19.488976,2
30.277729,230.693298,3.506831,-0.066146,0.234953,0.969754,-0.725558,0.655850,-0.208389,24.608791,275.975159,37.425668,34.728153,260.748108,44.910155,39.142612,242.390027,40.812664,38.690461,223.599146,30.982052,31.112322,218.864624,27.087896,2
27.289446,232.230423,10.881548,-0.058345,0.195123,0.979042,-0.777354,0.606440,-0.167189,19.346714,276.131046,45.975290,31.381678,260.316934,51.386203,36.882889,242.224881,46.872572,36.573728,225.104105,38.107233,29.127106,219.995633,34.205375,2
24.374802,232.635788,18.989630,-0.036097,0.183036,0.982443,-0.813696,0.565344,-0.135224,15.730296,276.429916,54.224495,29.119058,259.848837,57.661366,33.385901,244.237814,56.530898,33.616257,227.083896,47.603812,26.328375,221.569662,43.591688,2
22.893843,232.633759,22.998312,-0.018537,0.175808,0.984250,-0.826401,0.551410,-0.114057,14.254707,275.938129,58.924712,27.636477,259.555121,60.921532,32.140643,244.590765,61.072484,32.133346,227.743011,52.339692,24.564915,220.928412,49.137971,2
22.297506,233.066269,25.665361,-0.015538,0.162004,0.986668,-0.824790,0.555748,-0.104239,13.336128,274.962741,62.773477,25.994494,259.968088,64.575119,30.829240,245.536105,65.527115,30.677928,228.700534,56.432089,22.922914,221.252548,53.450156,2
21.850256,233.075516,27.426031,-0.018322,0.146691,0.989013,-0.821673,0.561386,-0.098487,12.376946,273.481900,65.785384,24.101469,260.289908,68.138741,29.688610,245.521707,68.313210,29.232603,229.035367,59.454616,21.357403,221.341373,56.556361,2
21.602863,232.602814,28.365332,-0.026256,0.141304,0.989618,-0.823276,0.558478,-0.101586,11.136507,271.917365,67.597780,21.882284,260.856744,71.687801,28.469202,245.596136,70.518263,27.488400,229.621332,62.277681,19.625323,221.755475,59.667061,2
21.798231,232.025208,28.176733,-0.036697,0.140158,0.989449,-0.823388,0.556831,-0.109415,10.467217,270.709656,67.907979,20.368353,261.321545,73.802058,28.126893,245.230493,71.081880,26.538353,229.996643,63.974593,18.664454,222.087524,61.326357,2
22.360807,231.796402,27.837469,-0.036453,0.143342,0.989002,-0.828122,0.549613,-0.110182,10.812620,270.566263,67.553047,20.483264,261.524612,74.202943,28.955720,244.902420,70.327644,27.046423,230.277493,64.477290,19.124603,222.074258,61.711745,2
22.938339,231.657776,27.230564,-0.035875,0.143933,0.988937,-0.840191,0.531462,-0.107829,11.082201,270.699060,66.816114,20.873221,261.199084,73.543671,30.038843,244.119885,68.085419,28.261630,229.973010,63.471943,20.303799,220.923047,60.458118,2
23.625887,231.925369,26.291378,-0.032683,0.148774,0.988331,-0.842011,0.528657,-0.107423,12.189898,271.540225,65.584997,22.075905,261.340421,72.129601,31.434006,243.839285,65.659173,29.693433,229.821951,61.462505,21.575231,220.040811,58.520043,2
24.198442,231.616074,24.851181,-0.030235,0.162162,0.986301,-0.843505,0.525268,-0.112219,12.916256,271.885519,63.262643,23.620531,260.909982,69.564059,32.815171,243.415500,63.273624,31.166440,229.159579,58.586697,22.688230,218.671396,55.858444,2
24.768227,230.976547,23.410036,-0.030860,0.162922,0.986156,-0.843914,0.524432,-0.113050,13.563145,271.548019,61.161658,25.474208,259.225485,66.303949,34.519792,241.678085,60.407758,32.575713,227.292453,54.650919,23.503836,216.403696,52.710880,2
26.021976,232.585388,21.071156,-0.021284,0.169832,0.985243,-0.835405,0.538342,-0.110844,16.666245,274.793274,57.953977,30.144787,259.290002,60.212656,37.228306,241.686682,54.779102,34.510078,227.638464,49.384702,24.402105,216.158521,48.530595,2
27.336912,235.041260,19.321091,-0.054445,0.135108,0.989334,-0.827135,0.548937,-0.120484,17.917251,277.791748,56.178305,30.552307,260.536743,59.225198,37.988705,242.157593,52.450577,35.184896,228.384558,46.276443,24.446858,216.602014,44.961914,2
29.826874,238.733658,17.116928,-0.140382,0.055327,0.988550,-0.790793,0.594521,-0.145573,17.581208,277.965359,55.572830,27.254779,262.428787,61.866916,38.595795,241.966983,51.864581,36.196799,228.660501,42.912967,24.723592,217.650662,39.633646,2
33.963299,241.094772,8.576865,-0.279875,0.086092,0.956168,-0.730101,0.627642,-0.270216,9.746587,268.256967,45.094817,16.762241,271.139145,57.460368,35.603851,246.514914,46.076140,37.891250,230.067990,33.933507,28.520033,222.147226,29.104390,2
36.443268,241.803894,2.857750,-0.394249,0.081444,0.915388,-0.723220,0.587079,-0.363717,6.038218,266.458997,37.768083,3.153578,277.436511,48.135378,23.194106,254.543152,52.521031,38.744650,230.888660,29.637932,31.759631,225.688574,22.589207,2
37.083557,239.466171,-2.058803,-0.491719,0.067392,0.868142,-0.714624,0.538420,-0.446561,2.521580,265.156808,31.215440,-7.851070,278.610349,35.095933,11.563172,255.796970,46.794096,37.126434,229.079782,25.700590,31.318292,223.532516,17.931841,2
38.410679,239.486664,-7.003185,-0.599304,0.018321,0.800312,-0.672341,0.531112,-0.515633,0.265187,266.670844,24.451078,-17.191581,281.415033,18.485174,1.157057,256.352924,36.874790,34.093476,228.561627,21.105939,29.152714,221.149750,12.887919,2
40.292202,244.315430,-14.818770,-0.724174,-0.068274,0.686230,-0.572494,0.614302,-0.543032,-0.223905,273.132227,17.209706,-19.516489,294.059619,-3.933193,-13.979638,266.375684,17.901976,22.115133,232.213293,13.676488,21.550829,224.753760,3.599014,2
42.491642,246.696320,-19.804859,-0.788170,-0.132490,0.601028,-0.565142,0.542522,-0.621517,-2.582533,277.045123,10.960340,-21.741333,291.339069,-16.397021,-18.949801,266.340021,2.645033,10.672403,236.249579,6.730690,16.839711,227.585651,-2.219760,2
45.806934,249.713318,-23.138218,-0.827382,-0.191510,0.527979,-0.546849,0.489009,-0.679578,-3.460491,280.378406,6.839749,-17.015166,284.775305,-20.007169,-19.955208,268.148401,-12.489636,-2.055990,242.219397,-4.886955,11.304168,230.919189,-11.670747,2
48.745548,250.469147,-29.877670,-0.889035,-0.268742,0.370668,-0.457428,0.487098,-0.743972,-6.392141,280.567926,-2.913090,-14.580967,282.811041,-36.093134,-18.723181,268.512750,-36.313870,-10.603483,246.130841,-33.600571,5.627669,232.512189,-34.614560,2
50.149960,251.207611,-33.270420,-0.914533,-0.292274,0.279653,-0.395484,0.500793,-0.769934,-8.010345,280.444720,-8.865782,-13.085946,286.441522,-47.249696,-17.079878,272.714056,-51.650794,-10.261139,250.006818,-50.649387,5.502893,234.617328,-48.675593,2
50.344643,252.127533,-35.998913,-0.920172,-0.340871,0.192589,-0.355088,0.519407,-0.777257,-11.154647,277.802802,-14.032829,-12.601160,290.092523,-57.231927,-15.161147,276.399872,-65.419631,-8.420758,252.203583,-63.997128,7.112141,235.736017,-60.175631,2
49.979027,250.334015,-38.034779,-0.918525,-0.381073,0.105330,-0.315896,0.547181,-0.775114,-13.769789,272.231891,-19.614116,-11.394964,293.103497,-66.550559,-12.269653,279.670343,-79.079270,-5.998931,251.420782,-73.605167,10.258915,233.881976,-66.931620,2
48.879707,248.332092,-40.673580,-0.913529,-0.403524,0.051319,-0.288414,0.553574,-0.781264,-15.909770,268.370496,-25.134939,-10.529098,293.110803,-73.638165,-10.057028,279.433386,-88.376495,-4.967170,248.458923,-79.163934,12.144644,230.780029,-70.042803,2
45.788643,242.634384,-43.898872,-0.906569,-0.421686,0.017706,-0.274958,0.558254,-0.782784,-19.529515,260.513010,-30.267941,-11.404873,289.545627,-80.208376,-11.584811,271.966159,-92.726430,-6.300395,240.627414,-81.745973,11.501461,224.126047,-72.794527,2
42.875103,237.410049,-48.031929,-0.891275,-0.452603,-0.027924,-0.252278,0.546078,-0.798846,-22.943391,251.807303,-39.399663,-14.740327,279.946536,-86.419167,-16.727151,256.988504,-91.687758,-5.953189,225.592215,-73.890749,13.617800,214.399442,-68.744789,2
40.749149,230.102524,-51.005783,-0.889037,-0.455736,-0.043794,-0.228284,0.524172,-0.820445,-25.516317,244.404587,-44.968256,-17.825625,268.436887,-89.675320,-19.109270,239.068124,-84.542850,-2.693835,212.733603,-67.041501,15.819713,204.774814,-65.531680,2
38.378880,222.897888,-53.190971,-0.879731,-0.469401,-0.075736,-0.208577,0.524129,-0.825703,-27.859801,235.710449,-50.399117,-19.879791,258.113293,-92.407103,-16.574091,223.042310,-75.726524,2.318520,201.993921,-61.862053,17.388162,196.099524,-64.436552,2
35.530567,214.878632,-54.320320,-0.864038,-0.493249,-0.100711,-0.213859,0.540733,-0.813555,-30.164257,225.721686,-53.429616,-23.765887,248.820062,-93.638820,-12.087656,207.349774,-65.894765,6.045641,191.581244,-57.893141,17.833683,186.776276,-63.710640,2
32.819309,208.641556,-55.613144,-0.850510,-0.511318,-0.123233,-0.209905,0.544816,-0.811859,-32.058968,217.910635,-57.353003,-28.083504,233.978043,-91.052579,-5.766795,195.899734,-58.700278,9.856508,184.061734,-55.016299,19.159671,179.204935,-62.806784,2
29.883595,200.534607,-55.188931,-0.834288,-0.527321,-0.160924,-0.206636,0.569678,-0.795467,-32.716824,207.832043,-60.862481,-31.668721,224.555469,-92.588262,-2.739865,185.002136,-53.609585,11.095758,175.189539,-52.706600,19.495661,170.207874,-61.576809,2
25.686108,187.418320,-54.165245,-0.828635,-0.525219,-0.193673,-0.209537,0.611838,-0.762725,-32.158420,194.489377,-65.388445,-37.306320,213.367673,-93.069347,1.420674,169.020847,-46.440437,13.125548,160.757443,-49.017485,19.618024,155.977170,-59.120540,2
23.832195,181.807175,-53.587955,-0.826908,-0.528245,-0.192821,-0.221076,0.620663,-0.752265,-29.793531,187.611777,-68.764252,-39.068684,213.044650,-96.050111,4.211701,161.804330,-44.049906,14.765395,154.811581,-47.050306,20.337907,150.347726,-57.423133,2
22.785847,179.486481,-53.241421,-0.838948,-0.520706,-0.158216,-0.240211,0.615183,-0.750899,-27.091903,184.273077,-70.568591,-38.952776,215.003168,-97.511889,4.838528,159.572186,-41.865957,13.749801,152.668829,-46.045727,19.481495,148.056195,-56.282870,2
22.836494,174.517899,-51.265545,-0.902537,-0.427542,-0.051327,-0.250066,0.617424,-0.745825,-23.506325,179.710489,-68.657754,-36.573006,216.516592,-93.967532,4.519128,157.107278,-37.295293,11.156416,148.707767,-41.816610,15.319302,143.394681,-52.459148,2
23.206354,172.653519,-50.890961,-0.919748,-0.392095,-0.018003,-0.248261,0.616654,-0.747064,-22.460465,176.539615,-68.598798,-35.169602,215.996097,-93.562439,4.721399,156.248343,-36.183322,10.886337,147.469437,-40.717831,14.158918,141.820474,-51.400870,2
23.618586,168.706985,-50.426224,-0.929608,-0.367500,0.027815,-0.255953,0.589455,-0.766180,-21.842116,171.218973,-67.919302,-34.660310,211.144229,-93.945273,4.780337,156.486026,-32.029860,11.559980,144.578995,-39.022910,13.096334,138.326724,-49.764584,2
24.022350,167.240692,-49.878014,-0.930211,-0.364766,0.040661,-0.261936,0.582177,-0.769714,-21.449586,169.367206,-67.270036,-34.625302,209.239886,-93.323320,5.329193,155.255048,-31.168678,12.243543,143.356940,-38.218687,13.154658,136.982220,-49.022188,2
24.403723,166.022171,-49.351719,-0.925479,-0.374341,0.057944,-0.277953,0.567174,-0.775278,-21.300570,167.457547,-66.262580,-35.280180,206.755789,-92.690504,6.062141,154.107474,-30.207561,13.081011,142.215152,-37.204206,13.641802,135.711954,-48.028831,2
24.724756,164.899246,-48.886433,-0.922055,-0.374735,0.096890,-0.301794,0.539312,-0.786170,-21.530546,165.915982,-64.428788,-36.356998,203.995218,-91.862656,6.974527,153.600479,-28.834129,13.820765,141.503958,-35.633064,13.761416,134.656265,-46.309525,2
25.251703,165.251389,-48.903820,-0.905778,-0.413432,0.092954,-0.316628,0.514528,-0.796874,-20.820827,164.017441,-64.954574,-37.529008,200.973422,-92.415731,7.917109,153.590109,-29.025622,15.072534,141.577902,-35.447805,14.979071,134.668881,-46.275890,2
26.222731,166.415466,-48.230015,-0.891605,-0.444168,0.088066,-0.328078,0.499613,-0.801718,-19.696032,163.855493,-65.052625,-38.152674,199.794507,-91.523664,9.371686,154.507568,-28.742423,16.522609,142.446948,-34.781408,16.639616,135.573505,-45.783408,2
27.066988,167.980682,-47.540287,-0.888405,-0.452156,0.079319,-0.328694,0.505926,-0.797496,-18.748598,165.520245,-64.887824,-38.295087,200.915607,-89.596241,11.020856,152.825714,-30.631948,17.416669,143.798871,-34.447593,17.693713,137.076581,-45.581156,2
28.308920,169.976852,-46.878651,-0.887426,-0.455751,0.069031,-0.326846,0.516552,-0.791420,-17.286836,167.623752,-64.767503,-38.483888,201.608420,-86.691947,12.107429,154.496262,-30.248995,18.514047,145.596860,-34.258701,19.067765,139.055283,-45.480109,2
31.257818,173.934174,-46.149986,-0.890382,-0.451123,0.060886,-0.319472,0.523982,-0.789544,-13.595786,170.839288,-64.997838,-36.722781,204.236420,-83.822276,14.582768,158.346014,-29.694676,21.202407,149.493842,-33.726009,21.959324,143.069061,-45.012352,2
33.619789,176.321320,-45.787903,-0.889951,-0.448725,0.081440,-0.323631,0.495565,-0.806026,-10.730482,171.491815,-64.775470,-35.984270,204.220685,-81.926019,17.155750,161.419135,-28.787657,23.574277,152.330157,-32.458121,24.168901,145.514410,-43.534824,2
35.850960,178.921967,-45.014874,-0.879660,-0.466969,0.090215,-0.334372,0.472321,-0.815541,-8.229865,172.353522,-63.947414,-36.227576,201.907526,-77.730770,20.084108,164.115887,-27.787298,26.706439,155.109833,-31.330260,27.189261,147.972980,-42.166222,2
39.159397,184.921341,-45.648819,-0.871435,-0.479991,0.101041,-0.346978,0.457614,-0.818655,-6.316691,175.749857,-62.833957,-24.646505,188.935855,-53.331586,23.618363,169.882327,-27.959886,30.509406,161.106912,-31.600932,31.031075,153.863248,-42.357849,2
40.846008,189.894318,-46.607521,-0.860772,-0.496449,0.112293,-0.371293,0.461529,-0.805687,-6.069273,178.695538,-61.678419,-13.778713,187.291962,-42.791499,25.093605,177.394281,-26.618161,32.382347,165.470001,-32.375882,33.298819,158.568817,-43.253712,2
43.347351,194.837891,-47.081039,-0.851422,-0.510088,0.122025,-0.386098,0.452110,-0.804068,-6.027539,183.583179,-59.572818,-7.984755,189.433862,-39.586819,27.529225,181.866394,-26.656891,34.790826,169.987219,-32.313742,36.889502,163.278113,-42.828427,2
47.290855,196.960464,-45.693424,-0.841456,-0.527816,0.115594,-0.385482,0.436509,-0.812935,-5.466385,187.329752,-55.632682,-3.851595,190.625174,-38.973301,28.343489,182.361588,-26.370562,38.277721,171.571292,-30.323806,42.033995,165.142471,-40.327818,2
52.781372,200.282684,-42.230587,-0.817922,-0.560104,0.131479,-0.408018,0.403595,-0.818922,-4.870418,194.787836,-46.479803,-3.992861,195.985773,-40.944588,23.965149,181.920294,-24.642870,40.830954,173.820013,-26.734968,48.235883,168.152350,-35.905880,2
56.299385,204.038620,-40.021297,-0.784384,-0.600976,0.153525,-0.442053,0.367986,-0.818031,-2.746483,198.848654,-40.909805,-13.548611,202.694662,-51.053887,16.915370,182.443369,-26.092985,42.451259,176.499338,-24.949250,51.725841,171.530161,-33.966909,2
64.792923,216.504135,-36.235260,-0.738753,-0.655680,0.155973,-0.478779,0.347670,-0.806162,5.839953,208.957077,-34.776495,-10.781739,226.288571,-63.923499,8.230548,194.103281,-36.388123,48.979156,188.072385,-22.186240,60.367114,183.317258,-31.797429,2
-104.370483,167.652847,24.274662,0.479381,-0.863223,-0.158240,0.572135,0.444124,-0.689504,-61.390610,139.056790,13.713033,-65.795450,129.848776,28.312067,-43.136800,135.301395,-4.074269,-57.888559,134.642050,-13.189300,-79.701801,134.297318,-8.277099,1
74.950134,243.039902,-32.512333,-0.714007,-0.678600,0.172326,-0.532645,0.366741,-0.762752,24.599675,224.876303,-34.147773,-1.587661,256.213156,-60.970759,6.530454,225.454306,-42.260038,60.564673,214.736691,-16.783513,70.896387,209.721738,-28.571340,2
-101.837563,194.829666,6.975876,0.327052,-0.944311,-0.036246,0.667731,0.258062,-0.698240,-57.243443,159.021146,4.538960,-72.843385,152.857462,18.186115,-28.710938,181.169876,-40.432623,-50.898476,172.046902,-47.607590,-76.640602,164.900858,-41.917551,1
83.074768,262.182495,-29.800478,-0.642031,-0.755136,0.132537,-0.539799,0.322471,-0.777579,41.549164,235.186450,-37.211731,7.902971,262.268237,-59.501379,28.446942,232.593188,-30.588704,75.482245,234.585034,-14.269985,84.776544,229.845264,-26.170774,2
-96.453461,213.485931,2.344425,0.264074,-0.964244,-0.022334,0.712742,0.210692,-0.669035,-53.085428,173.755890,3.723920,-71.817419,171.193915,14.798127,-21.882057,199.033661,-43.645303,-43.501204,194.788885,-55.269580,-70.948676,192.695038,-57.691632,1
90.713829,278.246796,-26.335461,-0.664830,-0.745747,0.043160,-0.510832,0.411728,-0.754672,52.152730,252.380719,-39.659893,17.095565,282.424432,-60.481130,62.789644,248.953326,-14.265043,84.107640,249.193207,-14.351112,92.106737,246.255695,-25.343415,2
-90.757629,223.915985,1.706947,0.243419,-0.969307,-0.034508,0.738823,0.208354,-0.640882,-48.328552,184.570648,4.794238,-68.661984,182.101056,15.443303,-15.696560,207.730011,-42.363326,-36.693260,205.768304,-55.235582,-64.441043,206.337006,-59.676360,1
92.707481,286.679199,-25.986439,-0.646752,-0.760721,0.054913,-0.524677,0.391504,-0.755935,56.017500,259.056470,-40.032993,18.396797,288.252563,-59.959348,71.746867,259.981238,-10.154044,89.460240,257.254810,-14.094894,96.184984,255.024707,-24.269204,2
-88.283997,232.206589,2.783411,0.203920,-0.978489,-0.031244,0.759144,0.178198,-0.626056,-46.693860,192.149460,7.944298,-68.547717,189.715305,17.078812,-12.934605,212.475351,-40.090791,-33.802299,212.012631,-53.940688,-61.528860,212.361179,-57.300264,1
91.218994,285.515289,-25.608007,-0.622549,-0.780616,0.055419,-0.530902,0.369249,-0.762757,56.522824,256.507367,-41.010032,16.900238,278.943976,-55.525844,75.980005,261.356000,-6.433673,90.506476,256.234247,-12.684816,96.464648,253.040961,-23.324813,2
-87.873642,234.884216,2.612755,0.187866,-0.982129,-0.011353,0.762742,0.153163,-0.628304,-47.930106,193.268665,7.651212,-67.559415,191.096094,16.435066,-12.008893,213.947949,-40.096950,-32.291566,216.362646,-55.896724,-60.312564,215.464417,-58.940285,1
84.491264,267.085693,-25.853222,-0.575747,-0.804094,0.148150,-0.570598,0.265369,-0.777172,54.483617,233.159082,-38.792745,9.475554,254.205408,-52.243539,71.270598,243.943408,-3.726448,85.351463,238.570288,-9.765771,88.913072,238.477161,-18.902444,2
-89.460876,235.533554,0.358229,0.191455,-0.981497,-0.002887,0.757839,0.149695,-0.635037,-50.710718,193.534628,4.182509,-68.336124,191.551999,14.223213,-14.381020,212.672043,-41.926404,-33.470343,218.149899,-58.452621,-61.811554,216.811020,-61.682376,1
77.956932,248.594330,-27.260344,-0.471201,-0.859661,0.197361,-0.608422,0.154792,-0.778371,52.759749,209.925226,-38.422253,5.050065,224.645782,-51.658142,67.562547,224.961420,-4.012783,80.104289,223.718011,-8.174412,83.652397,223.859528,-18.485209,2
-92.228790,235.014114,-1.874458,0.193600,-0.981069,0.004694,0.758763,0.146695,-0.634633,-53.417450,193.148697,2.041694,-71.492407,191.353214,13.102711,-17.572299,210.225919,-43.181737,-36.039435,216.750137,-59.946126,-64.282126,216.138284,-63.765474,1
74.924614,223.976227,-25.044594,-0.368243,-0.888636,0.273356,-0.643443,0.031359,-0.764851,50.790431,183.024005,-32.984166,2.354224,195.746539,-51.814516,65.528386,199.180219,-0.607182,79.532622,200.299371,-4.867130,89.008800,195.491412,-16.332798,2
-95.165535,231.879623,-3.575228,0.187043,-0.982169,0.018970,0.756755,0.131749,-0.640284,-56.722469,189.388034,0.903550,-73.690144,187.928122,11.304239,-20.791535,206.015756,-44.996222,-39.027130,213.897787,-62.466364,-67.572163,213.102219,-66.089209,1
73.256424,198.140762,-22.188562,-0.236431,-0.924949,0.297605,-0.684046,-0.059076,-0.727043,48.671436,157.134879,-27.679300,-0.944809,174.536185,-58.830089,67.211026,171.429630,2.350676,83.531424,172.685172,-4.502701,90.329581,170.521463,-15.173291,2
-100.906136,215.474548,-3.543407,0.094906,-0.994051,0.053445,0.756699,0.037152,-0.652707,-63.548308,170.996973,3.487465,-79.662636,167.615002,9.042196,-29.359538,180.694861,-43.166586,-46.496046,191.764392,-62.686275,-75.010689,195.061853,-67.081021,1
75.948586,188.065140,-21.036575,-0.192747,-0.912626,0.360503,-0.674167,-0.143785,-0.724448,51.757161,146.726981,-23.408055,2.645965,162.423245,-59.661270,69.362337,161.244473,4.503322,86.499739,163.786478,-2.085067,93.594148,161.244254,-12.627470,2
-102.446480,207.287201,-2.623361,0.117796,-0.991161,0.061030,0.751518,0.048805,-0.657905,-63.676674,164.084967,4.436144,-78.870802,159.008575,9.415385,-29.775748,174.323370,-42.496922,-47.564384,185.097528,-62.231111,-76.247780,187.830817,-66.485207,1
79.110863,173.241379,-19.783546,-0.144038,-0.925046,0.351487,-0.670598,-0.169953,-0.722091,55.054057,131.979813,-21.399397,7.775234,141.402390,-55.749507,69.693645,139.877133,4.544925,88.835265,146.909213,-2.008555,96.536937,145.551572,-12.703118,2
-106.540527,205.284592,-2.273942,0.135991,-0.988302,0.069028,0.748233,0.056790,-0.661001,-66.573495,163.949557,4.824864,-81.536389,156.405063,9.920651,-33.056802,174.425327,-43.113342,-51.560748,185.375327,-63.404404,-80.164349,185.921970,-65.968851,1
80.714531,164.460709,-17.859056,-0.104855,-0.941318,0.320821,-0.686044,-0.165081,-0.708584,55.536559,123.338168,-19.160736,11.136940,127.482346,-49.743787,69.300706,124.463321,4.574267,89.686064,134.903873,-1.737360,97.376311,134.803983,-12.615574,2
-108.579147,205.669037,-3.110415,0.180242,-0.982623,0.044319,0.735310,0.104677,-0.669598,-67.114389,166.894635,2.515393,-82.960526,158.541315,8.965918,-34.922327,178.734589,-46.103696,-54.168523,188.572528,-65.315240,-82.423148,188.212531,-67.211963,1
83.959320,155.596283,-17.330605,-0.100151,-0.943152,0.316912,-0.654934,-0.177288,-0.734595,56.189395,113.904810,-18.232309,19.981559,109.267731,-38.052727,67.455707,108.128741,2.777360,91.388959,122.829663,0.064891,99.960461,124.359943,-10.495982,2
-110.124191,207.111862,-3.016695,0.193094,-0.980049,0.047102,0.732962,0.112165,-0.670959,-69.187027,169.206711,2.034243,-85.523300,161.283286,10.672445,-36.531528,181.381113,-46.964716,-56.073453,189.760141,-65.291461,-84.121872,188.972458,-66.899811,1
84.898872,155.060211,-17.693474,-0.105410,-0.943746,0.313420,-0.647482,-0.174078,-0.741932,56.326888,112.996320,-18.579033,22.331729,107.264758,-35.291246,67.422673,106.628320,1.727634,92.363850,122.219299,0.207305,101.145009,124.101868,-10.369482,2
-110.150124,209.818115,-1.804766,0.200609,-0.978942,0.037797,0.734385,0.124734,-0.667174,-69.095219,172.080896,3.078379,-86.171638,164.487952,12.381446,-36.334366,185.400854,-46.244666,-56.032566,192.915381,-64.028391,-84.055757,191.747156,-65.659933,1
84.413765,160.691818,-21.074333,-0.146769,-0.932697,0.329447,-0.646523,-0.161617,-0.745579,54.242659,119.262900,-20.794426,22.147016,113.529031,-36.027211,65.439589,114.330435,-1.001566,92.286464,130.970999,-2.601014,100.719106,131.170560,-13.237216,2
-110.354721,216.175186,-1.119675,0.243930,-0.969700,0.013418,0.712208,0.169733,-0.681139,-66.968491,180.200528,2.894036,-85.259250,172.814468,12.245872,-37.150743,195.166776,-47.411575,-57.606076,199.554605,-63.285953,-85.522189,197.818887,-64.861594,1
84.167381,176.616943,-25.866564,-0.273206,-0.893436,0.356553,-0.642153,-0.106589,-0.759130,46.765181,140.416638,-22.705292,22.716904,133.533569,-33.714286,63.150304,137.971509,-4.119043,90.155064,149.710571,-6.128658,97.939629,147.210938,-16.533904,2
-112.586525,224.064224,-3.144953,0.337322,-0.941191,-0.019330,0.630124,0.240996,-0.738149,-66.427858,193.025723,-2.451071,-82.210646,186.183694,5.410220,-42.315053,208.032474,-52.807719,-63.533742,204.967630,-62.664549,-89.968800,203.891177,-64.021471,1
90.396416,186.910522,-27.510071,-0.456622,-0.790450,0.408272,-0.559008,-0.102085,-0.822854,40.096178,163.297131,-20.959186,27.921897,152.263953,-31.420300,45.564528,144.236438,-10.596444,87.450554,160.471924,-3.911365,97.020409,156.468628,-13.256962,2
-117.127602,233.232605,-6.280271,0.493304,-0.869841,0.005191,0.526027,0.293557,-0.798198,-68.297084,210.074744,-5.388030,-78.308809,204.630786,-1.678386,-51.359291,215.806409,-50.097985,-70.499699,209.980225,-58.818433,-93.398091,205.957153,-57.084661,1
94.215309,211.906815,-30.044077,-0.785087,-0.460784,0.413905,-0.435619,-0.064278,-0.897833,31.323103,246.270877,-23.269361,29.186942,202.941531,-33.927916,25.230282,191.509036,-28.868538,80.363795,198.130399,-4.518232,87.306105,189.141165,-11.629221,2
-125.108475,233.903778,-10.978014,0.836887,-0.534904,0.116183,0.256770,0.196180,-0.946352,-67.414159,234.425848,-12.314752,-75.274277,229.764154,-16.195035,-70.329182,220.663434,-29.211820,-81.703751,207.731927,-26.650692,-98.649417,201.667267,-20.481717,1
91.711914,228.551865,-32.618073,-0.858185,-0.344407,0.380662,-0.367754,-0.104894,-0.923988,34.212620,283.842575,-29.903191,28.011877,225.794724,-39.462500,24.282116,215.875876,-30.288918,76.877411,219.162424,-7.448755,82.168793,211.978268,-14.935835,2
-128.979980,226.305878,-10.391745,0.958398,-0.188179,0.214622,0.170981,-0.223599,-0.959567,-71.814225,257.922821,-26.721988,-78.343677,231.046161,-31.506984,-73.920834,220.187567,-28.048088,-90.776025,214.082916,-3.829215,-102.502057,206.684711,0.486437,1
89.211250,237.483826,-32.643887,-0.819330,-0.380370,0.428972,-0.369322,-0.222130,-0.902363,26.104785,275.429333,-36.093557,28.172135,229.448914,-35.200500,43.448051,227.574023,-14.815894,75.779842,229.239941,-6.596307,81.395302,221.891101,-13.275947,2
-124.410385,215.613754,-3.799213,0.961379,0.084409,0.261963,0.272590,-0.423457,-0.863932,-78.487613,258.118674,-33.808164,-72.734974,226.355856,-24.286507,-60.333316,218.072849,-17.512447,-84.992709,215.810886,7.747040,-92.115756,205.017233,10.310968,1
85.046181,240.384216,-32.494740,-0.792795,-0.346592,0.501349,-0.381964,-0.358466,-0.851825,21.671934,258.382581,-39.424506,24.303293,230.270374,-31.839895,54.957381,237.749927,-13.053818,71.704530,234.956128,-5.138649,77.529549,226.986133,-11.037112,2
-117.125053,204.802109,-2.210075,0.953777,0.230744,0.192525,0.288891,-0.527561,-0.798887,-77.138548,234.570847,-38.759923,-73.426335,225.879709,-10.882818,-73.585121,224.421823,1.057949,-79.219591,215.086923,10.701899,-83.349535,200.339462,12.309228,1
79.632668,232.637726,-31.851004,-0.760000,-0.328292,0.560914,-0.396212,-0.450093,-0.800270,19.003862,237.028033,-35.214225,18.540734,219.355731,-30.089762,49.622667,230.500458,-10.618203,66.027516,228.684259,-3.240638,72.462721,220.576129,-8.952021,2
-113.520088,198.220428,1.117382,0.950686,0.242838,0.192940,0.303813,-0.603972,-0.736828,-73.967146,218.695856,-36.281031,-71.982600,222.412128,-5.138216,-71.429640,217.654523,3.781168,-67.643678,206.394012,10.004938,-71.666484,188.974774,11.870105,1
74.420425,220.753708,-30.136221,-0.665740,-0.369695,0.648164,-0.425228,-0.525825,-0.736675,29.160181,200.836777,-24.838171,14.692805,200.470029,-22.394217,47.632611,218.024094,-4.193628,63.445486,216.417331,-0.232614,69.960910,209.234689,-5.608419,2
-107.462425,188.554855,3.086226,0.941370,0.219555,0.256160,0.337251,-0.633005,-0.696826,-67.890703,205.608798,-33.680618,-61.871883,209.977451,-1.821285,-59.475478,204.138290,5.128493,-51.146125,188.286411,9.219536,-62.398534,172.958554,13.378461,1
70.204826,209.024384,-29.404335,-0.619315,-0.418823,0.664106,-0.409921,-0.548923,-0.728456,36.214203,177.772955,-18.756956,12.584777,184.591412,-19.484642,44.575880,204.867291,-1.521146,60.834297,203.999713,0.606718,68.944780,196.146222,-2.871141,2
-98.854614,175.582855,0.903460,0.918403,0.081189,0.387225,0.332103,-0.690149,-0.642964,-57.943878,186.504071,-33.961849,-52.648438,188.517548,0.193577,-48.629474,180.181854,6.629269,-41.737950,162.749982,12.775601,-53.864502,144.152679,11.033336,1
64.943390,193.257050,-27.241337,-0.588302,-0.409479,0.697300,-0.418514,-0.583656,-0.695839,35.883604,158.439349,-12.802615,6.817271,166.995111,-15.321439,35.870005,186.154340,2.733873,55.679099,188.515363,3.771182,64.642340,180.623492,0.814395,2
-88.616821,161.430679,-1.310452,0.851601,-0.051835,0.521622,0.363327,-0.658922,-0.658647,-48.659268,166.011221,-32.096053,-40.022054,166.450626,3.932684,-39.941298,160.941068,12.758416,-56.145596,155.839615,20.434054,-51.696567,136.510867,19.614965,1
56.088696,178.759445,-24.136129,-0.411999,-0.453709,0.790193,-0.425471,-0.671075,-0.607151,37.000042,140.277438,-5.723557,2.410509,140.294406,-4.860141,26.045541,159.303500,7.595565,50.190414,170.554575,7.344286,62.486825,164.498544,4.896074,2
-70.288269,149.674866,0.880989,0.645818,-0.243600,0.723587,0.505003,-0.574507,-0.644138,-16.923639,148.661523,-6.349650,-15.913485,133.470447,11.015766,-35.108762,145.327722,28.200768,-54.988907,144.513135,31.162178,-62.070663,131.810095,31.652873,1
49.189110,165.889145,-23.643625,-0.403348,-0.356713,0.842655,-0.483078,-0.699090,-0.527171,10.522571,136.826974,-7.444318,-7.406138,130.311996,-0.123842,6.374848,130.609048,3.681274,40.248170,154.728781,8.080054,53.911928,150.682346,5.992115,2
-64.624352,143.780899,4.463784,0.495101,-0.397155,0.772750,0.569441,-0.523420,-0.633852,-36.619241,115.523911,24.345694,-4.791572,105.745224,-1.107931,-33.390107,130.011356,30.176216,-55.013225,132.220987,33.764558,-57.558961,118.821518,33.047816,1
27.252056,163.834091,-16.464815,0.323289,-0.853544,0.408591,-0.866433,-0.440602,-0.234869,9.791672,119.152603,0.846444,-9.882548,101.221072,2.717650,-15.015720,89.884714,-13.261554,24.678388,104.920584,-8.195204,40.366454,119.561606,-12.812908,2
-60.463783,140.137527,3.436652,0.518915,-0.340940,0.783892,0.594388,-0.515142,-0.617521,-40.247835,104.756900,26.052243,7.341069,100.924838,-18.041568,-21.276175,122.305264,23.007887,-46.805937,126.131015,30.548921,-45.135045,111.933389,32.667268,1
28.715122,168.557205,-14.501797,0.404141,-0.914237,0.029006,-0.907087,-0.404659,-0.115951,21.299058,121.120120,-18.361897,-14.504397,103.709726,-8.455391,-5.128019,96.314072,-13.003139,26.834702,103.799570,-20.086080,41.978684,124.483481,-27.433717,2
-59.720535,142.190887,1.440277,0.578211,-0.286677,0.763864,0.563576,-0.536649,-0.628005,-36.602328,107.271704,23.642351,7.429790,105.259052,-18.518105,-16.057679,123.682214,17.359590,-35.202928,126.495966,34.417841,-42.798608,116.507477,30.808612,1
36.749218,172.087448,-17.404076,0.439665,-0.876083,0.197921,-0.867262,-0.471407,-0.160100,37.722604,122.654843,-15.436723,-10.233363,108.188943,-12.126903,0.553163,100.078140,-9.195302,28.084798,99.937326,-13.002950,51.002886,125.184549,-23.024991,2
-60.190994,145.570755,-0.297422,0.614231,-0.271064,0.741110,0.528130,-0.556613,-0.641297,-34.804861,112.120920,21.305352,6.595020,105.668600,-19.391951,-21.017477,132.771585,19.073400,-35.766563,132.455447,32.674058,-47.072617,124.597409,29.482697,1
47.139004,174.282990,-20.965548,0.130350,-0.633003,0.763097,-0.761853,-0.556501,-0.331491,42.169485,130.847552,-1.101416,-3.673835,116.775128,-6.235192,-0.161583,111.266663,2.480244,19.704726,110.912207,7.990250,56.716277,136.235602,-0.110578,2
-60.463116,149.718338,-2.974877,0.635087,-0.247339,0.731770,0.515976,-0.569156,-0.640179,-31.584809,118.734543,16.838847,7.866474,110.566190,-23.219035,-17.949021,136.743643,17.461388,-41.694946,140.230045,26.076515,-48.451723,130.720230,26.686333,1
60.872814,172.410187,-28.095634,-0.396016,-0.486060,0.779049,-0.528603,-0.573057,-0.626246,45.641595,131.363672,-11.512599,4.138187,126.640112,-16.268910,25.882875,146.877753,2.867742,56.451543,156.240363,-3.801462,64.503884,148.680096,-2.155982,2
-61.085892,155.716995,-7.979592,0.661708,-0.234702,0.712080,0.515658,-0.546991,-0.659468,-28.270212,128.354587,10.071188,12.258302,124.257474,-32.350798,-9.325656,140.824796,15.976997,-42.839151,148.274258,21.314492,-50.382123,138.853348,20.419194,1
69.873291,175.340576,-37.411854,-0.593971,-0.421571,0.685184,-0.457178,-0.523926,-0.718672,48.499039,136.007373,-23.439951,9.499326,144.317126,-28.282342,41.765033,166.787183,-12.290675,61.766086,166.528003,-8.419768,71.228729,156.331812,-10.143146,2
-64.862984,165.434265,-11.715014,0.738344,-0.180082,0.649938,0.491874,-0.515541,-0.701624,-31.351012,140.184619,5.368195,9.664381,141.942187,-43.124653,1.990821,147.717346,5.360300,-40.466191,159.938269,18.570015,-52.020418,150.801111,15.499293,1
94.063118,175.078247,-61.639385,-0.868169,-0.264461,0.419932,-0.301469,-0.391109,-0.869569,45.135765,186.411438,-76.616360,33.098553,167.876917,-71.383724,50.826668,171.928821,-44.613689,71.794789,169.976892,-36.599075,79.955965,160.029932,-40.772955,2
-92.002495,179.178802,-0.423879,0.957642,0.138710,0.252353,0.282809,-0.618084,-0.733478,-61.741182,210.752338,-49.937977,-44.200548,193.386359,-9.266283,-34.790345,186.262018,-4.073694,-39.105728,175.319769,5.735592,-54.184419,169.103168,14.813839,1
108.936501,168.857300,-80.597343,-0.902624,-0.360421,0.235300,-0.172007,-0.199079,-0.964770,56.223045,187.271362,-97.781163,53.870528,164.076440,-106.264842,49.217840,152.639441,-101.948204,65.531230,147.824219,-73.696477,84.569521,143.963916,-70.752293,2
-100.788284,186.552444,0.413981,0.949734,0.259387,0.175280,0.301611,-0.608127,-0.734310,-70.323285,220.064554,-49.336631,-60.768274,211.609769,-6.396202,-44.949289,200.621768,-7.403329,-35.023217,171.062064,-12.860402,-53.600531,173.317569,5.820327,1
118.364670,159.274063,-100.831871,-0.778504,-0.621273,0.089174,-0.114076,0.000348,-0.993472,68.219681,158.240884,-116.910155,68.348050,152.174564,-147.305070,66.539987,136.014078,-140.899944,78.940488,123.519589,-118.218913,99.899649,124.629428,-103.444115,2
-106.141228,189.679916,0.991021,0.946514,0.284089,0.152985,0.296320,-0.577683,-0.760577,-75.235210,224.777829,-44.338042,-65.968135,215.348557,-5.643589,-49.669459,207.483359,-6.894162,-39.318728,181.122934,-11.753287,-57.902046,177.539621,3.968839,1
126.170372,142.612991,-120.123093,-0.655942,-0.754797,-0.004693,-0.094683,0.088447,-0.991571,90.519957,123.313028,-139.298227,87.264140,143.215933,-194.185788,78.318138,115.368478,-172.844894,94.419157,104.163120,-171.125485,111.746886,102.338223,-149.536008,2
-111.356270,187.523224,5.469559,0.947878,0.282697,0.147001,0.289689,-0.572458,-0.767054,-79.794508,218.669037,-38.699484,-70.179372,213.261835,-2.312727,-58.104362,207.490192,0.550308,-46.890793,184.080878,-3.390003,-62.043382,175.188544,7.172049,1
129.793564,116.182976,-138.525146,-0.516815,-0.851773,-0.085938,-0.095451,0.157089,-0.982961,104.870810,86.956352,-160.841431,107.100095,129.784044,-220.679810,86.034750,81.964110,-192.786768,104.292807,76.329753,-193.327344,137.282224,87.254631,-200.533228,2
-118.173073,183.970657,13.048791,0.939457,0.302777,0.160457,0.308490,-0.543452,-0.780701,-90.515492,217.391788,-33.701247,-75.239864,210.525223,4.518249,-71.344685,206.503738,12.502292,-52.984499,183.234879,5.592121,-69.452974,172.715286,15.312033,1
